{"name":"e8e9b49b-253c-4f96-844d-e61e4ea56f7a","id":"/providers/Microsoft.Flow/flows/e8e9b49b-253c-4f96-844d-e61e4ea56f7a","type":"Microsoft.Flow/flows","properties":{"apiId":"/providers/Microsoft.PowerApps/apis/shared_logicflows","displayName":"BroncosStarability","definition":{"metadata":{"workflowEntityId":null,"creator":{"id":"37fe3728-a660-4b25-9f7b-dae47ceec4fe","type":"User","tenantId":"df563d5b-019f-4935-88a5-be2eba368f13"},"provisioningMethod":"FromDefinition","failureAlertSubscription":true,"clientLastModifiedTime":"2020-06-25T07:18:26.1519102Z"},"$schema":"https://schema.management.azure.com/providers/Microsoft.Logic/schemas/2016-06-01/workflowdefinition.json#","contentVersion":"1.0.0.0","parameters":{"$connections":{"defaultValue":{},"type":"Object"},"$authentication":{"defaultValue":{},"type":"SecureObject"}},"triggers":{"manual":{"type":"Request","kind":"Http","inputs":{"schema":{"type":"object","properties":{"id":{"type":"string"},"value":{"type":"string"},"user":{"type":"string"}}}}}},"actions":{"Response":{"runAfter":{},"type":"Response","kind":"Http","inputs":{"statusCode":200,"body":{"Reply":"Received "}}},"Insert_row_(V2)":{"runAfter":{"Response":["Succeeded"]},"metadata":{"flowSystemMetadata":{"swaggerOperationId":"PostItem_V2"}},"type":"ApiConnection","inputs":{"host":{"connection":{"name":"@parameters('$connections')['shared_sql_1']['connectionId']"},"api":{"runtimeUrl":"https://australia-001.azure-apim.net/apim/sql"}},"method":"post","body":{"BroncoId":"@triggerBody()?['id']","Vote":"@triggerBody()?['value']"},"path":"/v2/datasets/@{encodeURIComponent(encodeURIComponent('default'))},@{encodeURIComponent(encodeURIComponent('default'))}/tables/@{encodeURIComponent(encodeURIComponent('[dbo].[BroncosVotes]'))}/items","authentication":"@parameters('$authentication')"}}},"outputs":{}},"connectionReferences":{"shared_sql_1":{"connectionName":"8821efe4c1bd27926dd9e2180712912d","source":"Embedded","id":"/providers/Microsoft.PowerApps/apis/shared_sql","tier":"NotSpecified"}},"flowFailureAlertSubscribed":false}}